table,changelog_flags,pred_added,real_added,pred_removed,real_removed,pred_changed(+loc),real_changed,fields_added,fields_removed
agentTypes,,0,0,0,0,0,0,0,0
agentsInSpace,,0,0,0,0,0,0,0,0
ancestries,,0,0,0,0,0,0,0,0
archetypes,,0,0,0,0,0,0,0,0
bloodlines,,0,0,0,0,0,0,0,0
blueprints,,0,0,0,0,0,0,0,0
categories,,0,0,0,0,0,0,0,0
certificates,,0,0,0,0,0,0,0,0
characterAttributes,,0,0,0,0,0,0,0,0
characterTitles,,0,0,0,0,0,0,0,0
cloneGrades,,0,0,0,0,0,0,0,0
compressibleTypes,,0,0,0,0,0,0,0,0
contrabandTypes,,0,0,0,0,0,0,0,0
controlTowerResources,,0,0,0,0,0,0,0,0
corporationActivities,,0,0,0,0,0,0,0,0
dbuffCollections,,0,0,0,0,0,0,0,0
dogmaAttributeCategories,,0,0,0,0,0,0,0,0
dogmaAttributes,,0,0,0,0,0,0,0,0
dogmaEffects,,0,0,0,0,0,0,0,0
dogmaUnits,,0,0,0,0,0,0,0,0
dungeons,,0,0,0,0,0,0,0,0
dynamicItemAttributes,,0,0,0,0,0,0,0,0
epicArcs,,0,0,0,0,0,0,0,0
factions,,0,0,0,0,0,0,0,0
freelanceJobSchemas,,0,0,0,0,0,0,0,0
graphicMaterialSets,,0,0,0,0,0,0,0,0
graphics,,0,0,0,0,0,0,0,0
groups,,0,0,0,0,0,0,0,0
icons,,0,0,0,0,0,0,0,0
landmarks,,0,0,0,0,0,0,0,0
mapAsteroidBelts,,0,0,0,0,0,0,0,0
mapConstellations,,0,0,0,0,0,0,0,0
mapMoons,,0,0,0,0,0,0,0,0
mapPlanets,,0,0,0,0,0,0,0,0
mapRegions,,0,0,0,0,0,0,0,0
mapSecondarySuns,,0,0,0,0,0,0,0,0
mapSolarSystems,,0,0,0,0,0,0,0,0
mapStargates,,0,0,0,0,0,0,0,0
mapStars,,0,0,0,0,0,0,0,0
marketGroups,,0,0,0,0,0,0,0,0
masteries,,0,0,0,0,0,0,0,0
mercenaryTacticalOperations,,0,0,0,0,0,0,0,0
metaGroups,,0,0,0,0,0,0,0,0
militaryCampaignObjectives,,4,4,0,0,0,0,0,0
militaryCampaigns,,0,0,0,0,0,0,0,0
missions,,0,0,0,0,0,0,0,0
npcCharacters,,0,0,0,0,0,0,0,0
npcCorporationDivisions,,0,0,0,0,0,0,0,0
npcCorporations,,0,0,0,0,0,0,0,0
npcStations,,0,0,0,0,0,0,0,0
planetResources,,0,0,0,0,0,0,0,0
planetSchematics,,0,0,0,0,0,0,0,0
races,,0,0,0,0,0,0,0,0
shipTreeElements,,0,0,0,0,0,0,0,0
shipTreeFactions,,0,0,0,0,0,0,0,0
shipTreeGroups,,0,0,0,0,0,0,0,0
skinLicenses,,0,0,0,0,0,0,0,0
skinMaterials,,0,0,0,0,0,0,0,0
skinrComponentCategories,,0,0,0,0,0,0,0,0
skinrComponentPointValues,,0,0,0,0,0,0,0,0
skinrComponentRarities,,0,0,0,0,0,0,0,0
skinrComponents,,0,0,0,0,0,0,0,0
skinrSlotCategories,,0,0,0,0,0,0,0,0
skinrSlotConfigurations,,0,0,0,0,0,0,0,0
skinrSlotNames,,0,0,0,0,0,0,0,0
skinrSlots,,0,0,0,0,0,0,0,0
skinrTierThresholds,,0,0,0,0,0,0,0,0
skins,,0,0,0,0,0,0,0,0
sovereigntyUpgrades,,0,0,0,0,0,0,0,0
stationOperations,,0,0,0,0,0,0,0,0
stationServices,,0,0,0,0,0,0,0,0
translationLanguages,,0,0,0,0,0,0,0,0
typeBonus,,0,0,0,0,0,0,0,0
typeDogma,,0,0,0,0,0,0,0,0
typeElements,,0,0,0,0,0,0,0,0
typeLists,,0,0,0,0,0,0,0,0
typeMaterials,,0,0,0,0,0,0,0,0
types,,0,0,0,0,0,0,0,0
